START,STOP,PATIENT,ENCOUNTER,CODE,DESCRIPTION
1951-09-10,,e77a51bf-eba8-bc71-0156-81452a717d54,ff679a2f-8de8-ce97-5eb0-ea29087435bf,714035009,Allergy to soya
1928-03-20,,31ffd7e5-d951-51e3-437e-0b6c6feeaf11,673ac213-43c9-9484-1c5f-05f1ea83dab6,420174000,Allergy to wheat
1934-01-31,,fa34f029-d975-c9bb-54bb-b9859dbcfa95,91526361-30a4-898e-3de3-b6208fefa9e0,91935009,Allergy to peanuts
1942-05-30,,aae45b7d-8767-436f-7118-ceb5498fac32,933b94b0-1699-2331-5852-3e2a24bd2cfb,232350006,House dust mite allergy
1942-05-30,,aae45b7d-8767-436f-7118-ceb5498fac32,933b94b0-1699-2331-5852-3e2a24bd2cfb,418689008,Allergy to grass pollen
1942-05-30,,aae45b7d-8767-436f-7118-ceb5498fac32,933b94b0-1699-2331-5852-3e2a24bd2cfb,419263009,Allergy to tree pollen
1942-05-30,,aae45b7d-8767-436f-7118-ceb5498fac32,933b94b0-1699-2331-5852-3e2a24bd2cfb,417532002,Allergy to fish
1942-05-30,,aae45b7d-8767-436f-7118-ceb5498fac32,933b94b0-1699-2331-5852-3e2a24bd2cfb,91935009,Allergy to peanuts
1925-06-19,,7a00c27d-4976-275d-da25-feb52af90b2c,2a9c3708-9fc5-e8e3-0ce8-bb8b628f0a96,419474003,Allergy to mould
1925-06-19,,7a00c27d-4976-275d-da25-feb52af90b2c,2a9c3708-9fc5-e8e3-0ce8-bb8b628f0a96,300913006,Shellfish allergy
1953-01-17,,e662d917-5757-e6e0-b58f-0dbf47c2e6fb,e0efc7d0-be45-8aa5-11e7-6acf4d935fe0,419474003,Allergy to mould
1953-01-17,,e662d917-5757-e6e0-b58f-0dbf47c2e6fb,e0efc7d0-be45-8aa5-11e7-6acf4d935fe0,232350006,House dust mite allergy
1953-01-17,,e662d917-5757-e6e0-b58f-0dbf47c2e6fb,e0efc7d0-be45-8aa5-11e7-6acf4d935fe0,232347008,Dander (animal) allergy
1953-01-17,,e662d917-5757-e6e0-b58f-0dbf47c2e6fb,e0efc7d0-be45-8aa5-11e7-6acf4d935fe0,418689008,Allergy to grass pollen
1953-01-17,,e662d917-5757-e6e0-b58f-0dbf47c2e6fb,e0efc7d0-be45-8aa5-11e7-6acf4d935fe0,419263009,Allergy to tree pollen
1960-04-08,,1d22d72e-7421-fa02-eea4-af6598e9431f,63edd2a4-1944-c476-fba8-725cff309dc5,300916003,Latex allergy
1960-04-08,,1d22d72e-7421-fa02-eea4-af6598e9431f,63edd2a4-1944-c476-fba8-725cff309dc5,424213003,Allergy to bee venom
1951-01-05,,81bf7ded-90b8-0082-39e6-01b2580851e9,479e316b-0fb3-fd9c-f0b5-3ca1612f361b,232347008,Dander (animal) allergy
1951-10-30,,ffa5339f-3834-507f-ab14-986d8198f104,c73f85d0-91df-2cb2-c946-00ed750f3894,91934008,Allergy to nut
1931-06-13,,fa0cd833-0b6b-e191-5c6e-c813c97f76ab,0fed1482-9d25-6af9-8942-b97a0aaacf59,300913006,Shellfish allergy
1959-08-24,,f890764c-01c0-8a76-63cc-825ec9bbcf83,0b416332-f8a5-480f-a23c-8e01ea1a7d46,300913006,Shellfish allergy
1930-07-18,,f40238bf-9c00-a221-79b6-26ed47194c74,cd12b781-1111-9030-a4e2-75668a5a1e34,300913006,Shellfish allergy
1938-02-16,,7968d013-1711-0fba-7ce6-8b65d69299a6,419e18f3-db78-db91-41c3-1aac809964a5,300913006,Shellfish allergy
1965-08-11,,77439413-d260-6d21-1689-7576002c256e,7d8c0787-00c9-4644-8f0a-c2d7da76d1a9,419474003,Allergy to mould
1965-08-11,,77439413-d260-6d21-1689-7576002c256e,7d8c0787-00c9-4644-8f0a-c2d7da76d1a9,91934008,Allergy to nut
1960-03-25,,f286658b-4ef5-08ec-9e97-cf6bdaf30932,c6e25a3b-7ef5-6a8e-705e-23ae5a0f3795,232347008,Dander (animal) allergy
1940-10-11,,d0200c5f-5185-bdae-22be-52d8a6146f7b,856e926f-1eec-a273-0c74-3a6b35edf80e,419474003,Allergy to mould
1940-10-11,,d0200c5f-5185-bdae-22be-52d8a6146f7b,856e926f-1eec-a273-0c74-3a6b35edf80e,417532002,Allergy to fish
1942-10-11,,02eed5d8-21c9-b641-cfe7-51b495d46b90,fc2ecf96-b0a3-d881-9bee-d973c815923d,419474003,Allergy to mould
1942-10-11,,02eed5d8-21c9-b641-cfe7-51b495d46b90,fc2ecf96-b0a3-d881-9bee-d973c815923d,232350006,House dust mite allergy
1942-10-11,,02eed5d8-21c9-b641-cfe7-51b495d46b90,fc2ecf96-b0a3-d881-9bee-d973c815923d,232347008,Dander (animal) allergy
1942-10-11,,02eed5d8-21c9-b641-cfe7-51b495d46b90,fc2ecf96-b0a3-d881-9bee-d973c815923d,417532002,Allergy to fish
1964-02-21,1994-01-01,403cf518-0f9d-4139-3b82-51597bcc2518,5dc94a9c-6a86-31ac-264a-064011b804df,419474003,Allergy to mould
1964-02-21,1994-01-01,403cf518-0f9d-4139-3b82-51597bcc2518,5dc94a9c-6a86-31ac-264a-064011b804df,232350006,House dust mite allergy
1964-02-21,,403cf518-0f9d-4139-3b82-51597bcc2518,5dc94a9c-6a86-31ac-264a-064011b804df,232347008,Dander (animal) allergy
1964-02-21,1994-01-01,403cf518-0f9d-4139-3b82-51597bcc2518,5dc94a9c-6a86-31ac-264a-064011b804df,418689008,Allergy to grass pollen
1964-02-21,1994-01-01,403cf518-0f9d-4139-3b82-51597bcc2518,5dc94a9c-6a86-31ac-264a-064011b804df,419263009,Allergy to tree pollen
1964-02-21,,403cf518-0f9d-4139-3b82-51597bcc2518,5dc94a9c-6a86-31ac-264a-064011b804df,300913006,Shellfish allergy
1964-02-21,,403cf518-0f9d-4139-3b82-51597bcc2518,5dc94a9c-6a86-31ac-264a-064011b804df,91935009,Allergy to peanuts
1944-11-05,,f89aaccd-b1dd-0fa8-af3b-cff34451230d,d72b2cc5-85e9-3c9d-39bf-8e208c1ae4b8,232350006,House dust mite allergy
1944-11-05,,f89aaccd-b1dd-0fa8-af3b-cff34451230d,d72b2cc5-85e9-3c9d-39bf-8e208c1ae4b8,232347008,Dander (animal) allergy
1944-11-05,,f89aaccd-b1dd-0fa8-af3b-cff34451230d,d72b2cc5-85e9-3c9d-39bf-8e208c1ae4b8,419263009,Allergy to tree pollen
1944-11-05,,f89aaccd-b1dd-0fa8-af3b-cff34451230d,d72b2cc5-85e9-3c9d-39bf-8e208c1ae4b8,417532002,Allergy to fish
1954-08-20,,a93b7272-0e15-7bb8-6b78-af2835c46db7,b682bd28-1e01-b677-27ae-02cb2d03d5ce,420174000,Allergy to wheat
1945-02-28,,3363adfd-cb76-91ce-8d70-7da226e065ac,52581fb3-1551-07f1-fc0f-1fc649bd10c1,419474003,Allergy to mould
1925-08-26,,58c51980-8e30-70ac-128f-822ffadb2b64,cae99c77-c0c5-fe40-40d5-6a1629f6e2f0,300913006,Shellfish allergy
1948-02-13,,6e7345ee-ea76-b834-3567-630003a7e64f,70e2dbc2-a88c-e810-6205-5c4528ce5e7c,419474003,Allergy to mould
1948-02-13,,6e7345ee-ea76-b834-3567-630003a7e64f,70e2dbc2-a88c-e810-6205-5c4528ce5e7c,300913006,Shellfish allergy
1962-12-24,,ee394edd-a5b0-ab73-f523-382740d130de,3badef88-89a7-f6c3-1909-9fa4df10e45e,300916003,Latex allergy
1962-12-24,,ee394edd-a5b0-ab73-f523-382740d130de,3badef88-89a7-f6c3-1909-9fa4df10e45e,419474003,Allergy to mould
1962-12-24,,ee394edd-a5b0-ab73-f523-382740d130de,3badef88-89a7-f6c3-1909-9fa4df10e45e,232347008,Dander (animal) allergy
1962-12-24,,ee394edd-a5b0-ab73-f523-382740d130de,3badef88-89a7-f6c3-1909-9fa4df10e45e,418689008,Allergy to grass pollen
1962-12-24,,ee394edd-a5b0-ab73-f523-382740d130de,3badef88-89a7-f6c3-1909-9fa4df10e45e,419263009,Allergy to tree pollen
1943-06-25,,ac9c6578-b27b-1102-bf1c-2b7032276a10,0a693247-9b1b-2276-a7be-c7979cfa5610,300913006,Shellfish allergy
1949-12-14,,9e46f704-a820-8178-4e19-9a2485fa4444,ce796bf5-9cd2-0422-0de5-e6bb85b1a48f,91935009,Allergy to peanuts
1933-12-17,,305769e6-4692-cd69-b803-618d43cb6580,1d624947-da34-65d0-a0cf-e8bad0b9f456,300913006,Shellfish allergy
1948-05-14,,64efbcc4-7b49-f050-08e8-734b911b4349,dddcfd4b-baca-1b87-1041-354a59fa8ac9,300913006,Shellfish allergy
1931-05-14,,8a847e0d-20ab-f2b3-05fb-181b26c015c5,ed7b3584-1fd9-88ca-dd73-67d09a417c79,300913006,Shellfish allergy
1922-02-24,,4882643c-0c5a-4c50-d359-3a4e03a1a3cd,b3a1680b-32e2-f115-09be-7227605ed034,91935009,Allergy to peanuts
1934-01-03,,2e25f21c-2b3d-ffe7-58a7-1139c392e233,a76ba121-2f44-e1fa-9430-4881bb482a88,91934008,Allergy to nut
1926-05-26,,d0b997cf-45c4-5f0c-fe62-84a800c1816b,f0954e57-fd6f-3eb5-9d73-805934bf9398,232347008,Dander (animal) allergy
1926-05-26,,d0b997cf-45c4-5f0c-fe62-84a800c1816b,f0954e57-fd6f-3eb5-9d73-805934bf9398,300913006,Shellfish allergy
1968-11-06,,f8938a5c-04e1-2e0c-0fa9-3d6be3752b9e,a18eead4-855c-25f1-3291-16389f7f8742,418689008,Allergy to grass pollen
1935-06-19,,6a415592-1eba-028b-938b-d6ebae8dfce2,945b35dd-9eec-1703-edd2-4f38799ccecd,417532002,Allergy to fish
1926-01-28,,1e10426d-4b30-a260-408a-89cc94405ff1,e5993b31-044f-2a9b-4306-394291935a01,300916003,Latex allergy
1926-01-28,,1e10426d-4b30-a260-408a-89cc94405ff1,e5993b31-044f-2a9b-4306-394291935a01,91930004,Allergy to eggs
1927-09-22,,fa9f26b9-3f7a-6896-8b78-9cc00b720b95,c9de0b3b-4000-0ffe-7169-df3b5238bcf6,300916003,Latex allergy
1962-08-18,,f480a653-d43e-8ec6-6def-3a8290514821,b007d6e2-f8dd-6781-cf4c-82e100657721,419474003,Allergy to mould
1958-03-13,,3a2ab9a9-aa5b-5b00-222b-56cf5c3c0538,b1ba06ee-6584-1018-214b-84ecd79a9d31,300913006,Shellfish allergy
1950-07-12,,cc7af643-6c87-939a-aa9a-4442051de9a4,c80a949e-8542-db66-27de-5cd9325be75d,714035009,Allergy to soya
1956-02-06,,ace569e3-d90a-c4f6-18dc-c6b256708f3c,95afcc59-d695-92ec-c261-766d49ddf489,424213003,Allergy to bee venom
1956-02-06,,ace569e3-d90a-c4f6-18dc-c6b256708f3c,95afcc59-d695-92ec-c261-766d49ddf489,419474003,Allergy to mould
1956-02-06,,ace569e3-d90a-c4f6-18dc-c6b256708f3c,95afcc59-d695-92ec-c261-766d49ddf489,232350006,House dust mite allergy
1956-02-06,,ace569e3-d90a-c4f6-18dc-c6b256708f3c,95afcc59-d695-92ec-c261-766d49ddf489,232347008,Dander (animal) allergy
1956-02-06,,ace569e3-d90a-c4f6-18dc-c6b256708f3c,95afcc59-d695-92ec-c261-766d49ddf489,418689008,Allergy to grass pollen
1956-02-06,,ace569e3-d90a-c4f6-18dc-c6b256708f3c,95afcc59-d695-92ec-c261-766d49ddf489,419263009,Allergy to tree pollen
1928-07-03,,90c69a8c-2ebf-4b07-ebdd-cce10aeb2d2c,090e463d-91fb-b5e8-4aa1-af954ef4d46b,300913006,Shellfish allergy
1926-04-26,,cef6d169-a759-62ca-1849-44fb4194d363,da5896e6-7721-05f3-2a64-0c7ca37af5ca,232347008,Dander (animal) allergy
1926-04-26,,cef6d169-a759-62ca-1849-44fb4194d363,da5896e6-7721-05f3-2a64-0c7ca37af5ca,300913006,Shellfish allergy
1937-10-06,,398650fd-9080-15bb-39d5-d16e96a268e0,f9c01feb-50b0-b5fc-039a-00476a58afe4,300913006,Shellfish allergy
1925-07-23,,743bb8ec-a7b7-f335-ae41-c86dea53f843,579d63f1-9c0a-8f31-f02c-ef8e989f55ee,91934008,Allergy to nut
1943-02-02,,e1519c25-f4bc-3893-9aa4-938d431af5be,c76da1aa-da1a-d3da-384d-6c6a8b52f0f2,419474003,Allergy to mould
1943-02-02,,e1519c25-f4bc-3893-9aa4-938d431af5be,c76da1aa-da1a-d3da-384d-6c6a8b52f0f2,232350006,House dust mite allergy
1943-02-02,,e1519c25-f4bc-3893-9aa4-938d431af5be,c76da1aa-da1a-d3da-384d-6c6a8b52f0f2,232347008,Dander (animal) allergy
1943-02-02,,e1519c25-f4bc-3893-9aa4-938d431af5be,c76da1aa-da1a-d3da-384d-6c6a8b52f0f2,418689008,Allergy to grass pollen
1943-02-02,,e1519c25-f4bc-3893-9aa4-938d431af5be,c76da1aa-da1a-d3da-384d-6c6a8b52f0f2,419263009,Allergy to tree pollen
1943-02-02,,e1519c25-f4bc-3893-9aa4-938d431af5be,c76da1aa-da1a-d3da-384d-6c6a8b52f0f2,300913006,Shellfish allergy
1943-02-02,,e1519c25-f4bc-3893-9aa4-938d431af5be,c76da1aa-da1a-d3da-384d-6c6a8b52f0f2,91934008,Allergy to nut
1954-12-08,,dfa01310-7f7a-7de5-5ad5-161ce0ba6305,a6fd042d-4e2c-e2da-b60d-090dd9436292,419474003,Allergy to mould
1929-02-21,,7d6a9ac6-92ca-7ef7-8894-84ebf609c9d5,164dfa1e-9f85-0966-4da1-c88e8dacded1,232347008,Dander (animal) allergy
1929-02-21,,7d6a9ac6-92ca-7ef7-8894-84ebf609c9d5,164dfa1e-9f85-0966-4da1-c88e8dacded1,417532002,Allergy to fish
1929-09-29,,b2848636-7257-e1ea-3eff-00056a6cd1ab,9b016b1c-5649-9471-72e4-e0a248d4672e,300913006,Shellfish allergy
1929-08-21,,7401aa65-a49e-1277-223d-6810021a9509,2bd5131d-6c51-5321-f124-834f6b55a788,417532002,Allergy to fish
1957-09-11,,5bde3f78-4b0a-d8d3-cc9f-2dd72471d163,620a7a2a-2f90-0a45-e496-c7f3363a1c7f,419474003,Allergy to mould
1927-12-12,,2d3c6d3a-7137-26f3-6b8f-7dc287e26f7e,8087fdd3-424a-5141-d98e-6da454c8e2bc,419474003,Allergy to mould
1942-07-04,,edc234f7-5823-60ec-8a5e-95669fec47ca,2643bd77-29fb-a816-0484-c9824b81235f,232350006,House dust mite allergy
1942-07-04,,edc234f7-5823-60ec-8a5e-95669fec47ca,2643bd77-29fb-a816-0484-c9824b81235f,300913006,Shellfish allergy
1922-03-06,,89112ad0-49a6-1a05-0ca2-55c6d2093964,42a73b98-4293-5f6a-4782-89d618899ec4,419474003,Allergy to mould
1922-03-06,,89112ad0-49a6-1a05-0ca2-55c6d2093964,42a73b98-4293-5f6a-4782-89d618899ec4,300913006,Shellfish allergy
1932-01-11,,fdab0620-6d35-a518-5bdc-cf0cdb30ac4f,53a92370-1876-17e7-3602-b103cb187fa5,424213003,Allergy to bee venom
1932-01-11,,fdab0620-6d35-a518-5bdc-cf0cdb30ac4f,53a92370-1876-17e7-3602-b103cb187fa5,91934008,Allergy to nut
1932-01-11,,fdab0620-6d35-a518-5bdc-cf0cdb30ac4f,53a92370-1876-17e7-3602-b103cb187fa5,91935009,Allergy to peanuts
1924-07-29,,b34097aa-cffa-a0f2-7d30-f846aa81ecc0,1b7e0542-c905-6a93-7a45-7f957fab92ab,300913006,Shellfish allergy
1928-10-27,,793daa95-9c0b-9a60-2bff-5a2e87b3f37e,737f1731-cec7-1f93-890c-9c1c65c43c49,420174000,Allergy to wheat
1945-05-10,,5bf80c36-06f8-6563-e5a7-fd0acceb24fe,1a84fa19-7dce-3c88-d4be-3e8d6bb99812,424213003,Allergy to bee venom
1945-05-10,,5bf80c36-06f8-6563-e5a7-fd0acceb24fe,1a84fa19-7dce-3c88-d4be-3e8d6bb99812,91934008,Allergy to nut
1965-01-07,,987b5b60-33bc-0ff3-5590-00b4967c7b38,ff580fe1-7023-8da0-3bb5-0a074311912f,419474003,Allergy to mould
1965-01-07,,987b5b60-33bc-0ff3-5590-00b4967c7b38,ff580fe1-7023-8da0-3bb5-0a074311912f,232350006,House dust mite allergy
1965-01-07,,987b5b60-33bc-0ff3-5590-00b4967c7b38,ff580fe1-7023-8da0-3bb5-0a074311912f,232347008,Dander (animal) allergy
1965-01-07,,987b5b60-33bc-0ff3-5590-00b4967c7b38,ff580fe1-7023-8da0-3bb5-0a074311912f,418689008,Allergy to grass pollen
1939-08-14,,ec901e41-aedf-9541-3bfb-90e9bcd43439,9459bec9-e8ee-790e-b36c-afc80ae40b5d,300916003,Latex allergy
1925-09-17,,9b5b303b-86c6-2a4c-bb61-14f23a471a13,7160be05-87df-285e-2a01-f762696ca7d6,419474003,Allergy to mould
1925-09-17,,9b5b303b-86c6-2a4c-bb61-14f23a471a13,7160be05-87df-285e-2a01-f762696ca7d6,91934008,Allergy to nut
1929-05-04,,eaa003a7-83d1-65a8-e806-9169a8bfc786,37e23097-b57e-caf7-cdd6-2cf293ddca6e,417532002,Allergy to fish
1922-08-12,,33f64dc5-e570-9623-f7f9-4426f6eed5ed,9e7a7873-1263-433e-80cc-82c2329ebfd0,300913006,Shellfish allergy
1933-07-04,,462e6922-41a9-6af4-ac14-55929c21312d,52d081e7-4ebb-0aff-b1c9-e9759c148689,300913006,Shellfish allergy
1926-12-21,,9f0d1c33-27c4-6a21-f348-6c3ce10b38a8,655e17fa-b527-fa96-301e-142ab3bb3ac2,417532002,Allergy to fish
1929-05-05,1993-12-26,97c3188e-7565-104d-5a25-ebac13e58c05,98448441-e5a8-4ab3-5873-a7d4e8a17120,419474003,Allergy to mould
1929-05-05,,97c3188e-7565-104d-5a25-ebac13e58c05,98448441-e5a8-4ab3-5873-a7d4e8a17120,300913006,Shellfish allergy
1930-04-06,,8cf5b195-73ee-3134-b159-09f59bb287b6,21283d0d-aa6f-dca0-ba2b-34b03e300637,418689008,Allergy to grass pollen
1925-11-18,,b5670550-640f-6118-cf42-ee703c8e6e82,f4ac4580-90d9-0854-e034-cfb968becfed,300913006,Shellfish allergy
