Id,NAME,ADDRESS,CITY,STATE_HEADQUARTERED,ZIP,PHONE,AMOUNT_COVERED,AMOUNT_UNCOVERED,REVENUE,COVERED_ENCOUNTERS,UNCOVERED_ENCOUNTERS,COVERED_MEDICATIONS,UNCOVERED_MEDICATIONS,COVERED_PROCEDURES,UNCOVERED_PROCEDURES,COVERED_IMMUNIZATIONS,UNCOVERED_IMMUNIZATIONS,UNIQUE_CUSTOMERS,QOLS_AVG,MEMBER_MONTHS
b3221cfc-24fb-339e-823d-bc4136cbc4ed,Dual Eligible,7500 Security Blvd,Baltimore,MD,21244,1-877-267-2323,594664.92,419674.87,4666000.00,4067,0,2757,0,1591,0,893,0,56,0.5512189275017781,10440
7caa7254-5050-3b5e-9eae-bd5ea30e809c,Medicare,7500 Security Blvd,Baltimore,MD,21244,1-800-633-4227,19485435.72,4258039.09,38505000.00,71799,0,68632,0,38533,0,14790,0,782,0.7853744688085023,158748
7c4411ce-02f1-39b5-b9ec-dfbea9ad3c1a,Medicaid,7500 Security Blvd,Baltimore,MD,21244,1-877-267-2323,2350464.70,1959552.42,20028250.00,30378,0,8033,0,65519,0,4789,0,535,0.81989905401083,84828
d47b3510-2895-3b70-9897-342d681c769d,Humana,500 West Main St,Louisville,KY,40018,1-844-330-7799,519728.00,1366209.15,200353500.00,18085,1936,0,8051,19033,326,6330,386,358,0.9087148761355975,117924
6e2f1a2d-27bd-3701-8d08-dae202c58632,Blue Cross Blue Shield,Michigan Plaza,Chicago,IL,60007,1-800-262-2583,2126677.65,2371286.82,252905400.00,27921,0,13987,0,25698,0,7937,0,405,0.9235157626735536,140616
5059a55e-5d6e-34d1-b6cb-d83d16e57bcf,UnitedHealthcare,9800 Healthcare Lane,Minnetonka,MN,55436,1-888-545-5205,633596.88,1390536.91,200210600.00,20225,2258,0,13021,20966,460,5946,349,338,0.9215530591379997,105492
4d71f845-a6a9-3c39-b242-14d25ef86a8d,Aetna,151 Farmington Ave,Hartford,CT,6156,1-800-872-3862,790672.91,1262950.00,233082000.00,19755,2398,0,10903,20346,384,6379,420,350,0.9207989977893891,116700
047f6ec3-6215-35eb-9608-f9dda363a44c,Cigna Health,900 Cottage Grove Rd,Bloomfield,CT,6002,1-800-997-1654,901253.61,1198380.00,249480000.00,20370,2420,0,11983,20071,466,6433,475,343,0.927831388099272,118944
42c4fca7-f8a9-3cd1-982a-dd9751bf3e2a,Anthem,220 Virginia Ave,Indianapolis,IN,46204,1-800-331-1476,515331.48,416625.00,221786400.00,8001,12364,0,11737,3861,15846,5505,598,340,0.9234437692928247,100920
b1c428d6-4f07-31e0-90f0-68ffa6ff8c76,NO_INSURANCE,,,,,,0.00,11842662.61,0.00,0,12577,0,9009,0,8906,0,3733,96,1.1062989633530047,52800
